INSERT INTO user_info (name, email, id, pwd, phone, addr, gender, birthdate) VALUES
('김민수', 'minsu.kim@example.com', 'user1001', 'hashed_pwd_1', '010-1234-5678', '서울시 강남구 역삼동', '남', '1985-05-15'),
('이서연', 'seoyeon.lee@exampluser_infoe.com', 'user1002', 'hashed_pwd_2', '010-2345-6789', '서울시 마포구 상수동', '여', '1990-08-25'),
('박준호', 'junho.park@example.com', 'user1003', 'hashed_pwd_3', '010-3456-7890', '서울시 송파구 잠실동', '남', '1982-12-02'),
('최유리', 'yuri.choi@example.com', 'user1004', 'hashed_pwd_4', '010-4567-8901', '서울시 종로구 혜화동', '여', '1988-07-19'),
('정다훈', 'dahoon.jung@example.com', 'user1005', 'hashed_pwd_5', '010-5678-9012', '서울시 동작구 사당동', '남', '1986-03-30'),
('한지민', 'jimin.han@example.com', 'user1006', 'hashed_pwd_6', '010-6789-0123', '서울시 강서구 등촌동', '여', '1992-10-10'),
('윤태현', 'taehyun.yoon@example.com', 'user1007', 'hashed_pwd_7', '010-7890-1234', '서울시 서대문구 신촌동', '남', '1984-11-21'),
('김수현', 'soohyun.kim@example.com', 'user1008', 'hashed_pwd_8', '010-8901-2345', '서울시 중구 명동', '남', '1987-09-14'),
('이채영', 'chaeyoung.lee@example.com', 'user1009', 'hashed_pwd_9', '010-9012-3456', '서울시 관악구 신림동', '여', '1991-06-27'),
('박성민', 'sungmin.park@example.com', 'user1010', 'hashed_pwd_10', '010-0123-4567', '서울시 강동구 천호동', '남', '1983-04-08');

INSERT INTO project (project_code, project_name, project_type, manager_id, status, start_date, end_date) VALUES
('PJT-2025-101', '신약개발 a', '신약개발', 0, '진행중', '2025-01-01', '2025-12-31'),
('PJT-2025-102', '제네릭 개발 b', '제네릭', 0, '계획중', '2025-03-01', '2025-11-30'),
('PJT-2025-103', '임상시험 c', '임상시험', 0, '진행중', '2025-02-15', '2025-10-15'),
('PJT-2025-104', '신약개발 d', '신약개발', 0, '완료', '2024-01-01', '2024-12-31'),
('PJT-2025-105', '제형개발 e', '제형개발', 0, '진행중', '2025-04-01', '2025-09-30'),
('PJT-2025-106', '신약개발 f', '신약개발', 11, '계획중', '2025-06-01', '2026-05-31'),
('PJT-2025-107', '임상시험 g', '임상시험', 13, '진행중', '2025-01-15', '2025-12-15'),
('PJT-2025-108', '제네릭 h', '제네릭', 0, '완료', '2024-07-01', '2025-01-31'),
('PJT-2025-109', '신약개발 i', '신약개발', 16, '진행중', '2025-02-01', '2025-11-30'),
('PJT-2025-110', '임상시험 j', '임상시험', 17, '계획중', '2025-05-01', '2026-04-30'),
('PJT-2025-101', '신약개발 k', '신약개발', 18, '진행중', '2025-01-01', '2025-12-31'),
('PJT-2025-102', '제네릭 개발 l', '제네릭', 19, '계획중', '2025-03-01', '2025-11-30'),
('PJT-2025-102', '제네릭 개발 m', '제네릭', 0, '계획중', '2025-03-01', '2025-11-30'),
('PJT-2025-103', '임상시험 n', '임상시험', 0, '진행중', '2025-02-15', '2025-10-15');

INSERT INTO project_task (project_id, task_name,due_date, status, priority, notes) VALUES
(1, '업무 A1', '2025-08-10', '진행', '상', '상세 설명 A1'),
(1, '업무 A2', '2025-08-15', '대기', '중', '상세 설명 A2'),
(2, '업무 B1', '2025-09-01', '진행', '상', '상세 설명 B1'),
(3, '업무 C1', '2025-07-30', '완료', '하', '상세 설명 C1'),
(4, '업무 D1', '2025-10-05', '진행', '중', '상세 설명 D1'),
(5, '업무 E1', '2025-08-20', '대기', '상', '상세 설명 E1'),
(6, '업무 F1', '2025-11-10', '진행', '중', '상세 설명 F1'),
(7, '업무 G1', '2025-12-01', '완료', '하', '상세 설명 G1'),
(8, '업무 H1',  '2025-09-25', '진행', '상', '상세 설명 H1'),
(9, '업무 I1', '2025-10-30', '대기', '중', '상세 설명 I1');

INSERT INTO project_phase (project_id, phase_name, responsible_team, start_date, end_date, progress, notes) VALUES
(1, '기획', '팀 A', '2025-01-01', '2025-02-28', 100, '완료'),
(1, '임상1상', '팀 B', '2025-03-01', '2025-06-30', 50, '진행중'),
(2, '기획', '팀 C', '2025-03-01', '2025-04-30', 80, '진행중'),
(3, '임상2상', '팀 A', '2025-02-15', '2025-05-15', 40, '진행중'),
(4, '기획', '팀 D', '2024-01-01', '2024-02-28', 100, '완료'),
(5, '연구', '팀 E', '2025-04-01', '2025-06-30', 60, '진행중'),
(6, '기획', '팀 A', '2025-06-01', '2025-07-31', 20, '초기단계'),
(7, '임상3상', '팀 B', '2025-01-15', '2025-09-15', 70, '진행중'),
(8, '기획', '팀 C', '2024-07-01', '2024-08-31', 100, '완료'),
(9, '임상1상', '팀 D', '2025-02-01', '2025-04-30', 30, '진행중');

INSERT INTO project_member (project_id, role) VALUES
(1, '책임자'),
(2, '연구원'),
(3, '책임자'),
(4, '연구원'),
(5, '책임자'),
(6, '연구원'),
(7, '책임자'),
(8, '연구원'),
(9, '책임자'),
(10, '연구원');

INSERT INTO project_document (project_id, doc_name, doc_type, file_path, uploaded_by) VALUES
(1, '계획서_A', '계획서', '/docs/pjt1_plan.pdf', 1),
(1, '분석보고서_A', '보고서', '/docs/pjt1_report.pdf', 2),
(2, '계획서_B', '계획서', '/docs/pjt2_plan.pdf', 3),
(2, '분석보고서_B', '보고서', '/docs/pjt2_report.pdf', 4),
(3, '임상계획서_C', '계획서', '/docs/pjt3_clinical.pdf', 5),
(4, '연구보고서_D', '보고서', '/docs/pjt4_research.pdf', 6),
(5, '시험계획서_E', '계획서', '/docs/pjt5_test.pdf', 7),
(6, '프로젝트보고서_F', '보고서', '/docs/pjt6_report.pdf', 8),
(7, '임상자료_G', '자료', '/docs/pjt7_data.pdf', 9),
(8, '개발계획서_H', '계획서', '/docs/pjt8_plan.pdf', 10);

INSERT INTO chemical (product_name, cas_no, msds_url, hazard_class, stock_qty) VALUES
('시약A', '50-00-0', 'http://msds.example.com/a.pdf', '지정수량', 500),
('시약B', '60-00-1', 'http://msds.example.com/b.pdf', '지정수량', 300),
('시약C', '70-00-2', 'http://msds.example.com/c.pdf', '비지정수량', 700),
('시약D', '80-00-3', 'http://msds.example.com/d.pdf', '지정수량', 200),
('시약E', '90-00-4', 'http://msds.example.com/e.pdf', '비지정수량', 1000),
('시약F', '100-00-5', 'http://msds.example.com/f.pdf', '지정수량', 400),
('시약G', '110-00-6', 'http://msds.example.com/g.pdf', '비지정수량', 800),
('시약H', '120-00-7', 'http://msds.example.com/h.pdf', '지정수량', 600),
('시약I', '130-00-8', 'http://msds.example.com/i.pdf', '비지정수량', 900),
('시약J', '140-00-9', 'http://msds.example.com/j.pdf', '지정수량', 350);

INSERT INTO project_chemical (project_id, chemical_id, quantity_used, unit, used_at) VALUES
(1, 1, 100, 'mg', '2025-07-10'),
(1, 2, 200, 'mg', '2025-07-12'),
(2, 3, 150, 'mg', '2025-07-15'),
(3, 4, 300, 'mg', '2025-07-18'),
(4, 5, 250, 'mg', '2025-07-20'),
(5, 6, 400, 'mg', '2025-07-22'),
(6, 7, 350, 'mg', '2025-07-24'),
(7, 8, 500, 'mg', '2025-07-26'),
(8, 9, 450, 'mg', '2025-07-28'),
(9, 10, 300, 'mg', '2025-07-30');

INSERT INTO approval_history (project_id, approver_id, status, comment, approved_at) VALUES
(1, 1, '승인', '문서 검토 완료', '2025-07-10 09:00:00'),
(2, 2, '반려', '내용 수정 필요', '2025-07-11 10:30:00'),
(3, 3, '대기', '', '2025-07-12 00:00:00'),
(4, 4, '승인', '승인 완료', '2025-07-13 11:00:00'),
(5, 5, '승인', '모든 절차 완료', '2025-07-14 14:00:00'),
(6, 6, '반려', '추가 자료 요청', '2025-07-15 15:30:00'),
(7, 7, '승인', '승인', '2025-07-16 13:00:00'),
(8, 8, '대기', '', '2025-07-17 00:00:00'),
(9, 9, '승인', '적합함', '2025-07-18 16:00:00'),
(10, 10, '승인', '완료', '2025-07-19 17:00:00');

INSERT INTO project_budget (project_id, item, amount, used_amount, approved_by) VALUES
(1, '시약비', 5000000, 3000000, 1),
(2, '인건비', 8000000, 5000000, 2),
(3, '장비비', 3000000, 1500000, 3),
(4, '외주비', 6000000, 4000000, 4),
(5, '시약비', 7000000, 3500000, 5),
(6, '인건비', 9000000, 7000000, 6),
(7, '장비비', 2000000, 1000000, 7),
(8, '외주비', 4000000, 2000000, 8),
(9, '시약비', 3000000, 1500000, 9),
(10, '인건비', 10000000, 6000000, 10);

INSERT INTO project_member (project_id, user_id, role) VALUES
(1, 1, '책임자'),
(2, 2,'연구원'),
(3, 3,'책임자'),
(4, 4,'연구원'),
(5, 5,'책임자'),
(6, 6,'연구원'),
(7, 7,'책임자'),
(8, 8,'연구원'),
(9, 9,'책임자'),
(10,10,'연구원'),
(11, 21, '책임자'),
(12, 22,'연구원'),
(13, 23,'책임자'),
(14, 24,'연구원'),
(15, 25,'책임자'),
(16, 26,'연구원'),
(17, 27,'책임자'),
(18, 28,'연구원'),
(19, 29,'책임자'),
(20, 30,'연구원');

INSERT INTO project_phase (project_id, phase_name, responsible_team, start_date, end_date, progress, notes) VALUES
(1, '기획', '기획팀', '2025-01-01', '2025-02-01', 100, '완료'),
(1, '임상1상', '임상팀', '2025-02-02', '2025-05-01', 60, '진행중'),
(2, '기획', '기획팀', '2025-03-01', '2025-04-01', 80, '진행중'),
(2, '임상2상', '임상팀', '2025-04-02', '2025-07-01', 20, '시작 전'),
(3, '기획', '기획팀', '2025-05-01', '2025-06-01', 50, ''),
(3, '임상3상', '임상팀', '2025-06-02', '2025-09-01', 0, '준비중'),
(4, '기획', '기획팀', '2025-07-01', '2025-08-01', 10, '초기 단계'),
(4, '임상1상', '임상팀', '2025-08-02', '2025-11-01', 0, ''),
(5, '기획', '기획팀', '2025-09-01', '2025-10-01', 5, ''),
(5, '임상2상', '임상팀', '2025-10-02', '2026-01-01', 0, '');

INSERT INTO project_task (project_id, task_name, due_date, status, priority, notes) VALUES
(1, '데이터 수집', '2025-07-20', '진행', '상', '임상 데이터 수집 작업'),
(1, '보고서 작성', '2025-07-30', '대기', '중', '보고서 작성 시작 예정'),
(2, '시약 준비', '2025-07-25', '완료', '하', ''),
(2, '임상 실험', '2025-08-15', '진행', '상', '임상 시험 진행'),
(3, '연구 분석', '2025-07-28', '대기', '중', ''),
(3, '결과 보고', '2025-08-05', '대기', '중', ''),
(4, '예산 승인', '2025-07-22', '완료', '상', '예산 관련 승인 작업'),
(4, '자료 검토', '2025-07-26', '진행', '중', ''),
(5, '임상 설계', '2025-08-01', '대기', '상', ''),
(5, '시험 계획 작성', '2025-08-10', '대기', '중', '');

INSERT INTO schedule (sche_title, sche_desc, start_date, end_date, location, sche_type, project_id) VALUES
('프로젝트 킥오프', '프로젝트 시작 미팅', '2025-07-01', '2025-07-01', '회의실A', '미팅', 1),
('임상 시험 회의', '임상 시험 진행 상황 점검', '2025-07-10', '2025-07-10', '회의실B', '미팅', 1),
('보고서 제출 마감', '분석 보고서 제출 마감일', '2025-07-30', '2025-07-30', '온라인', '마감', 1),
('시약 주문', '시약 주문 및 입고 확인', '2025-07-15', '2025-07-15', '연구실', '업무', 2),
('팀 워크샵', '팀 빌딩 워크샵', '2025-07-20', '2025-07-21', '외부', '행사', 2),
('예산 회의', '예산 승인 회의', '2025-07-25', '2025-07-25', '회의실C', '미팅', 3),
('임상 데이터 점검', '임상 데이터 검토', '2025-07-28', '2025-07-28', '온라인', '업무', 3),
('기획 보고서 작성', '기획서 초안 작성', '2025-08-01', '2025-08-05', '연구실', '업무', 4),
('외주 업체 미팅', '외주 업체 진행 상황 점검', '2025-08-10', '2025-08-10', '회의실D', '미팅', 4),
('최종 보고서 제출', '최종 분석 보고서 제출', '2025-08-15', '2025-08-15', '온라인', '마감', 5);

INSERT INTO storage (lab_id, type) VALUES
(1, '냉장'),
(1, '상온'),
(2, '냉장'),
(2, '상온'),
(3, '냉장'),
(3, '상온'),
(4, '냉장'),
(4, '상온'),
(5, '냉장'),
(5, '상온');

INSERT INTO lab (lab_name, location, contact) VALUES
('신약개발 연구실', '서울 본사 3층', '02-1234-5678'),
('임상시험 연구실', '서울 본사 4층', '02-2345-6789'),
('분석 연구실', '서울 본사 5층', '02-3456-7890'),
('품질관리 연구실', '서울 본사 6층', '02-4567-8901'),
('생명공학 연구실', '서울 본사 7층', '02-5678-9012'),
('제형 연구실', '서울 본사 8층', '02-6789-0123'),
('독성 연구실', '서울 본사 9층', '02-7890-1234'),
('약리 연구실', '서울 본사 10층', '02-8901-2345'),
('화학 연구실', '서울 본사 11층', '02-9012-3456'),
('생물학 연구실', '서울 본사 12층', '02-0123-4567');

INSERT INTO team (team_name) VALUES
('기획팀'),
('임상팀'),
('분석팀'),
('품질관리팀'),
('연구개발팀'),
('제조팀'),
('마케팅팀'),
('지원팀'),
('관리팀');

-- user_id 신경쓸것
INSERT INTO user (name, email, role) VALUES
('아반떼', 'chaaaaoo@example.com', '관리자'),
('소나타', 'yoqqhee@example.com', '연구원'),
('투싼', 'mifafo@example.com', '연구원'),
('케이쓰리', 'jise@example.com', '책임자'),
('케이파이브', 'hasaf@example.com', '책임자'),
('그랜저', 'suqgoo@example.com', '연구원'),
('카렌스', 'sooqgqgn@example.com', '연구원'),
('레간자', 'asdgmn@example.com', '책임자'),
('그랑콜레우스', 'jusdn@example.com', '연구원'),
('셀토스', 'jdadaa@example.com', '연구원');